,ARS,BRL,CLP,COP,CRC,EUR,MXN,PEN,date
0,15.87,3.2530904359141184,670.5558908335009,3002.0,553.1,0.9508,20.73,3.3559975031378575,2017-01-01
1,15.873015,3.2530736,670.56,3002.01,553.1,0.9508,20.73,3.356,2017-01-02
2,15.85,3.265839320705421,670.690811535882,3001.0,553.1,0.9565,20.73398299813394,3.3609943165586107,2017-01-03
3,15.948963317384369,3.265,675.1738286341233,2981.514609421586,553.1,0.9611,21.110407430863415,3.39260209187845,2017-01-04
4,16.08,3.22,671.366230278617,2970.3558486306656,553.1,0.9534,21.450022,3.389497303654895,2017-01-05
5,15.95,3.2,661.4,2931.0,553.71,0.9428,21.43,3.37,2017-01-06
6,15.822784810126581,3.2237266279819474,667.24495,2924.92,550.97,0.9495,21.23,3.38,2017-01-07
7,15.822784405,3.2237266279819474,667.24,2924.92,550.9641873278237,0.9495,21.23,3.38,2017-01-08
8,15.82,3.2237266279819474,667.24,2924.92,550.9671000000001,0.9495,21.23,3.38,2017-01-09
9,15.87,3.2,671.0508656556167,2927.829014785537,554.3237250554323,0.9457,21.38,3.38050261312852,2017-01-10
10,15.85,3.2,670.0616456714017,2954.9954197570996,554.3237250554323,0.9475,21.800741,3.387,2017-01-11
11,15.85,3.2,669.89,2972.0,554.3237250554323,0.945,21.86,3.3853436,2017-01-12
12,15.82,3.19,661.7,2924.2331198643155,554.02,0.9422,21.79,3.362,2017-01-13
13,15.85,3.2216494845360826,659.29,2944.98763105195,555.247084952804,0.9396,21.48,3.362,2017-01-14
14,15.85,3.2216494845360826,659.3,2944.98763105195,555.247084952804,0.9396,21.48,3.362452169117894,2017-01-15
15,15.848930269413628,3.2216494845360826,659.282700421941,2944.99,555.2471,0.9396,21.48,3.362,2017-01-16
16,15.87,3.2414174,662.2,2936.0,553.1,0.9433,21.74,3.369998921600345,2017-01-17
17,15.9,3.22,656.0388375,2918.69,553.1,0.9334,21.52,3.36,2017-01-18
18,15.97,3.2310177705977385,659.4131223211342,2936.0,549.76,0.9407,21.95,3.35,2017-01-19
19,15.9,3.197,660.77,2944.51,553.1,0.9377,21.95389681668496,3.316,2017-01-20
20,15.89825119236884,3.172,657.1166,2922.0,553.1,0.9343,21.59,3.3,2017-01-21
21,15.9,3.172,657.12,2921.76,553.1,0.9343,21.584286639326567,3.3,2017-01-22
22,15.9,3.1715826197272436,657.1165724799579,2921.76,553.0973451327434,0.9343,21.584286639326567,3.3,2017-01-23
23,15.95,3.164,653.2105297537396,2932.3396347,552.8,0.92893636,21.4,3.3034372264341045,2017-01-24
24,15.92,3.1705770450221937,652.58,2932.37,553.0973451327434,0.94,21.53,3.29,2017-01-25
25,15.95,3.1705770450221937,648.43,2925.26,552.7916,0.9362,21.08,3.285766388581305,2017-01-26
26,15.95,3.1776294884016525,651.0,2940.225221251948,552.8,0.9362,21.22,3.2995459824728117,2017-01-27
27,15.9,3.15,651.13,2932.99,553.0973451327434,0.9347,20.89,3.291,2017-01-28
28,15.9,3.1407035175879394,651.12,2932.99,553.1,0.9347,20.89,3.3,2017-01-29
29,15.9,3.1407035175879394,651.1264487563485,2932.99,553.1,0.9347,20.89,3.291,2017-01-30
30,15.9,3.13,647.67,2928.86,553.7098560354374,0.935,20.8,3.29,2017-01-31
31,15.9,3.15059861373661,648.3,2924.32,553.7098560354374,0.9261,20.833334,3.271,2017-02-01
32,15.8,3.13,646.21,2904.28,554.93896,0.9286,20.71,3.28,2017-02-02
33,15.68,3.13,642.43,2879.44,554.93896,0.9295,20.56,3.2479976094737597,2017-02-03
34,15.63,3.12,640.54,2853.97,555.87,0.9274,20.37,3.26,2017-02-04
35,15.63,3.12,640.5329233922623,2853.962727246782,555.87,0.9274,20.37,3.26,2017-02-05
36,15.63,3.12,640.5329233922623,2853.962727246782,555.87,0.9274,20.37,3.26,2017-02-06
37,15.78,3.12,640.9023905659168,2856.8163638441324,556.49,0.9302,20.56,3.287494698914798,2017-02-07
38,15.676991000000001,3.1201248049921997,645.8696635019053,2854.2071012672677,556.7928730512249,0.9361,20.63,3.2966199755390795,2017-02-08
39,15.68,3.12,647.7522995206633,2884.0884838346838,558.04,0.9348,20.48,3.3,2017-02-09
40,15.65,3.1298904538341157,646.7050378322447,2859.839277032631,558.66,0.9385,20.36,3.28,2017-02-10
41,15.53,3.12,639.6,2853.15,558.65924,0.9396,20.36,3.26,2017-02-11
42,15.53,3.12,639.6,2853.15,558.66,0.9396,20.36,3.26,2017-02-12
43,15.53,3.12,639.5906619763351,2853.15,558.66,0.9396,20.36,3.254000793976194,2017-02-13
44,15.48,3.12,642.7974545220801,2871.0881424059717,558.98,0.9454,20.28,3.2586770422943694,2017-02-14
45,15.48,3.09,640.05,2874.97,559.2841163310961,0.9454,20.26,3.2618458,2017-02-15
46,15.37,3.06,639.02,2867.96,558.9714924538848,0.9433,20.28,3.26,2017-02-16
47,15.44,3.09,639.06,2876.3,560.54,0.9369,20.39,3.25,2017-02-17
48,15.65,3.104625892579944,644.1638752898738,2890.51,560.86,0.95,20.43,3.27,2017-02-18
49,15.65,3.105,644.1638752898738,2890.51,560.86,0.942,20.43,3.2610467960215233,2017-02-19
50,15.65,3.104625892579944,644.1638752898738,2890.51,560.8524957936063,0.95,20.43,3.2610815,2017-02-20
51,15.7,3.09,641.15,2886.34,560.8525,0.95,20.38,3.25,2017-02-21
52,15.61,3.1,641.61,2902.1679194358185,560.8524957936063,0.95,20.02,3.26,2017-02-22
53,15.58,3.07,642.6,2892.52,560.8525,0.95,19.91,3.25,2017-02-23
54,15.51,3.06,641.6426050689765,2869.45,560.86,0.95,19.67,3.25,2017-02-24
55,15.48,3.111387678904791,645.9531038046638,2889.51,560.8525,0.95,19.92,3.25,2017-02-25
56,15.48,3.12,645.9531038046638,2889.5053166897824,560.8524957936063,0.95,19.92,3.2452886521991697,2017-02-26
57,15.48,3.12,645.9531038046638,2889.51,560.86,0.95,19.92,3.25,2017-02-27
58,15.48,3.1113877,646.4959958624256,2892.02,560.86,0.95,19.92,3.254445572652243,2017-02-28
59,15.48,3.111387678904791,650.23737,2928.86,560.23,0.95,20.11,3.25,2017-03-01
60,15.46,3.1,649.61,2930.58,559.9104143337066,0.95,19.81,3.2594524119947845,2017-03-02
61,15.41,3.16,655.7377049180327,2974.87,559.6,0.96,20.0,3.2845037114891937,2017-03-03
62,15.44,3.12,657.16,2974.96,560.86,0.95,19.52,3.29,2017-03-04
63,15.44,3.12,657.16,2974.96,560.8524957936063,0.95,19.52,3.29,2017-03-05
64,15.44,3.12,657.16,2974.96,560.8525,0.95,19.52,3.2845037114891937,2017-03-06
65,15.48,3.14,661.7257808364213,2970.98,560.8524957936063,0.95,19.62,3.2948929159802307,2017-03-07
66,15.58,3.12,658.8917440864466,2953.34,564.3340857787811,0.95,19.5,3.2867599449139036,2017-03-08
67,15.65,3.17,663.52598,2994.19126893826,564.66,0.95,19.68,3.296196189597205,2017-03-09
68,15.53,3.1928480204342273,665.8676255160474,2998.141152485459,561.49,0.95,19.84,3.295631311133961,2017-03-10
69,15.48,3.14,664.19,2983.39,561.8,0.94,19.61,3.3,2017-03-11
70,15.48,3.14,664.19,2983.39,561.8,0.94,19.61,3.3,2017-03-12
71,15.48,3.14,664.19,2983.3826,561.7977528089888,0.94,19.61,3.3,2017-03-13
72,15.53,3.16,667.2449456195369,2984.005729291,561.49,0.95,19.62,3.29,2017-03-14
73,15.53,3.169786053882726,669.3440428380187,2996.434243250532,561.4823133071308,0.95,19.67,3.2820997561399885,2017-03-15
74,15.58,3.11,664.59,2970.54,560.86,0.93,19.23,3.26,2017-03-16
75,15.56,3.12,662.74,2922.7,559.92,0.93,19.27,3.26,2017-03-17
76,15.56,3.1,661.56,2915.97,559.29,0.94,19.08,3.2504891986243933,2017-03-18
77,15.56,3.1,661.5506747816883,2915.9619758558347,559.29,0.94,19.08,3.2504891986243933,2017-03-19
78,15.56,3.1,661.56,2915.9619758558347,559.29,0.94,19.08,3.2504891986243933,2017-03-20
79,15.63,3.08,660.11,2912.99,558.04,0.94,19.02,3.25,2017-03-21
80,15.61,3.09,659.24,2919.97,557.73,0.93,19.11,3.26,2017-03-22
81,15.63,3.09,661.594442606682,2919.46,557.73,0.93,19.03,3.25,2017-03-23
82,15.63,3.15,662.9980773055759,2918.69,558.04,0.93,18.93,3.25,2017-03-24
83,15.63,3.11,659.98,2896.71,558.35,0.93,18.76,3.24,2017-03-25
84,15.63,3.11,659.98,2896.71,558.35,0.93,18.76,3.24,2017-03-26
85,15.63,3.11,659.98,2896.7035513585543,558.3473,0.93,18.76,3.24,2017-03-27
86,15.61,3.13,664.8494116082708,2911.462427577372,558.35,0.93,18.9,3.2459312252092,2017-03-28
87,15.58,3.1407035175879394,665.78,2905.46,558.659217877095,0.93,19.03,3.24,2017-03-29
88,15.44,3.12,663.13,2879.28,558.9714924538848,0.93,18.71,3.2475336,2017-03-30
89,15.44,3.16,662.78,2886.76,559.5970900951315,0.94,18.72,3.25,2017-03-31
90,15.39,3.13,659.9,2873.73,560.86,0.94,18.73,3.25,2017-04-01
91,15.39,3.13,659.8917777484493,2873.73,560.86,0.94,18.73,3.2495387,2017-04-02
92,15.39,3.13,659.9,2873.73,560.8525,0.94,18.73,3.25,2017-04-03
93,15.39,3.12,658.33,2871.09,560.86,0.94,18.67,3.25,2017-04-04
94,15.39,3.1,660.1967386281112,2866.24,561.17,0.94,18.82,3.250689958943786,2017-04-05
95,15.39,3.12,658.03,2859.84,561.8,0.94,18.83,3.25,2017-04-06
96,15.41,3.15,656.43,2857.64,562.429696287964,0.94,18.75,3.25,2017-04-07
97,15.34,3.15,656.43,2862.71,562.75,0.95,18.67,3.250895,2017-04-08
98,15.34,3.15,656.43,2862.71,562.75,0.95,18.67,3.26,2017-04-09
99,15.34,3.15,656.43,2862.71,562.7462014631401,0.95,18.67,3.26,2017-04-10
100,15.23,3.14,652.75,2866.24,562.75,0.95,18.69,3.246142,2017-04-11
101,15.25,3.14,654.67,2874.56,562.75,0.95,18.78,3.2537467,2017-04-12
102,15.2,3.1250011,653.2532009406847,2872.08,562.75,0.94,18.55,3.26,2017-04-13
103,15.18,3.15,650.07,2868.13,561.8,0.95,18.59,3.2558760422873183,2017-04-14
104,15.18,3.144654088050314,649.23,2866.48,561.8,0.95,18.53,3.2531010185459293,2017-04-15
105,15.18,3.144654088050314,649.23,2866.48,561.8,0.95,18.53,3.2531133,2017-04-16
106,15.18,3.15,649.23,2866.48,561.8,0.95,18.53,3.2531010185459293,2017-04-17
107,15.13,3.1,645.5,2852.1,561.8,0.94,18.5,3.25,2017-04-18
108,15.3,3.11,648.56,2839.7,561.49,0.94,18.6,3.26,2017-04-19
109,15.39,3.16,649.0134994807893,2869.45,561.17,0.94,18.84,3.2494963280691493,2017-04-20
110,15.39,3.15,649.99,2851.93,561.1672278338946,0.94,18.79,3.25,2017-04-21
111,15.48,3.15,653.34,2877.04,561.17,0.94,18.82,3.25,2017-04-22
112,15.48,3.15,653.34,2877.04,561.17,0.94,18.82,3.25,2017-04-23
113,15.48,3.15,653.3385600418137,2877.04,561.17,0.94,18.82,3.2420001,2017-04-24
114,15.39,3.13,655.23,2871.01,561.17,0.93,18.74,3.25,2017-04-25
115,15.41,3.15,661.9886137958428,2901.999477640094,561.49,0.92,18.87,3.2454994,2017-04-26
116,15.48,3.18,664.81,2929.98,562.12,0.92,19.19,3.26,2017-04-27
117,15.41,3.19,663.05,2940.49,563.063063063063,0.92,19.03,3.25,2017-04-28
118,15.39,3.18,667.07,2941.87,564.02,0.92,18.83,3.25,2017-04-29
119,15.39,3.18,667.07,2941.87,564.02,0.92,18.83,3.2457521219104497,2017-04-30
120,15.39,3.18,667.0669068107532,2941.87,564.0157924421884,0.92,18.83,3.25,2017-05-01
121,15.39,3.18,665.61,2941.53,564.34,0.92,18.74,3.26,2017-05-02
122,15.3,3.16,667.8688305616777,2939.97,564.34,0.92,18.77,3.25,2017-05-03
123,15.3,3.17,670.43,2930.06,564.652738565782,0.92,18.87,3.26,2017-05-04
124,15.34,3.19,675.41,2982.68,564.98,0.92,19.06,3.29,2017-05-05
125,15.37,3.178639621137953,671.37,2944.99,565.62,0.91,19.0,3.27,2017-05-06
126,15.37,3.18,671.37,2944.99,565.6108597285067,0.91,19.0,3.27,2017-05-07
127,15.37,3.18,671.366230278617,2944.99,565.62,0.91,19.0,3.2693833,2017-05-08
128,15.48,3.2,679.1171477079796,2962.18,567.22,0.92,19.21,3.2866951294464877,2017-05-09
129,15.51,3.19,678.52,2977.17,568.1818181818181,0.92,19.18,3.3,2017-05-10
130,15.51,3.17,673.13,2942.57,573.394495412844,0.93,19.02,3.2929092,2017-05-11
131,15.46,3.15,672.18,2926.72,570.46,0.93,18.84,3.28595315,2017-05-12
132,15.44,3.1230480949406623,672.05,2920.65,573.73,0.92,18.81,3.270496199683416,2017-05-13
133,15.44,3.1230480949406623,672.05,2920.65,573.7234652897304,0.92,18.81,3.28,2017-05-14
134,15.44,3.13,672.05,2920.65,573.73,0.92,18.81,3.28,2017-05-15
135,15.53,3.11,668.4045184145444,2878.95,570.78,0.92,18.71,3.27,2017-05-16
136,15.58,3.1,666.4445184938353,2880.44,571.1022272986864,0.91,18.65,3.27,2017-05-17
137,15.63,3.15,671.01,2897.97,572.41,0.9,18.79,3.2768611,2017-05-18
138,16.0,3.39,672.45,2925.44,575.38,0.91,18.84,3.28,2017-05-19
139,16.08,3.2727890272809548,671.158957287444,2899.4,577.0340450086555,0.9,18.78,3.28,2017-05-20
140,16.08,3.28,671.16,2899.4,577.04,0.9,18.77184808468957,3.28,2017-05-21
141,16.08,3.28,671.158957287444,2899.4,577.04,0.9,18.771849,3.28,2017-05-22
142,16.19,3.27,670.47,2905.97,580.05,0.89,18.67,3.28,2017-05-23
143,16.11,3.28,674.9915626055,2907.1458,584.12,0.9,18.64,3.2821320729946173,2017-05-24
144,16.08,3.28,671.591672263264,2909.6,588.5815185403178,0.9,18.46,3.2655513720214087,2017-05-25
145,16.08,3.28,669.08,2917.92,592.07,0.9,18.51,3.27,2017-05-26
146,16.0,3.27,672.4497343824,2911.72,587.89,0.9,18.52,3.28,2017-05-27
147,16.0,3.27,672.45,2911.72,587.89,0.9,18.52,3.28,2017-05-28
148,16.0,3.27,672.45,2911.72,587.89,0.9,18.52,3.28,2017-05-29
149,15.98,3.26,674.4,2911.38,577.37,0.9,18.48,3.2839967554112053,2017-05-30
150,16.19,3.257329,674.77,2919.29,573.4,0.9,18.7,3.29,2017-05-31
151,16.11,3.23,673.18,2916.22,571.76,0.89,18.63,3.28,2017-06-01
152,16.06,3.25,672.4045185583648,2895.37,570.46,0.9,18.65,3.273601026601282,2017-06-02
153,16.06,3.25,670.34,2896.04,570.13,0.89,18.69,3.28,2017-06-03
154,16.06,3.25,670.34,2896.0324355632783,570.13,0.89,18.681114,3.28,2017-06-04
155,16.06,3.25,670.34,2896.04,570.13,0.89,18.69,3.28,2017-06-05
156,16.03,3.3,669.17,2894.69113645574,570.7762557077625,0.89,18.35,3.27,2017-06-06
157,16.03,3.28,669.04,2894.8587308939,569.16,0.89,18.24,3.27,2017-06-07
158,16.0,3.2690423,669.57,2916.2170831996737,571.7552887364209,0.89,18.23,3.27,2017-06-08
159,15.923566878980893,3.2615786040443577,665.25,2919.452310746504,569.16,0.9,18.2,3.27,2017-06-09
160,15.93,3.297065611605671,663.5700066357,2915.5384480597104,569.81,0.9,18.17,3.27,2017-06-10
161,15.93,3.297065611605671,663.5700066357,2915.54,569.8005698005697,0.9,18.17,3.27,2017-06-11
162,15.93,3.3,663.58,2915.54,569.81,0.9,18.17,3.27,2017-06-12
163,15.93,3.318951211417192,661.64,2931.61,570.7762557077625,0.9,18.14,3.29,2017-06-13
164,15.88,3.32,661.47,2933.07,571.11,0.9,18.06,3.28,2017-06-14
165,15.9,3.28,661.29,2929.973630237328,571.11,0.9,17.92,3.269651422461852,2017-06-15
166,15.98,3.2743943,666.05,2952.82,571.11,0.9,18.05,3.28,2017-06-16
167,16.03,3.3,665.52,2974.51,571.11,0.9,17.91,3.28,2017-06-17
168,16.03,3.3,665.52,2974.51,571.11,0.9,17.91,3.28,2017-06-18
169,16.03,3.3,665.5131106082895,2974.51,571.1022272986864,0.9,17.91,3.28,2017-06-19
170,16.16,3.29,661.73,2976.9,570.46,0.9,17.96,3.27,2017-06-20
171,16.16,3.33,663.8,3031.87,570.46,0.9,18.2,3.28,2017-06-21
172,16.24,3.34,665.39,3058.11,570.78,0.9,18.24,3.28,2017-06-22
173,16.16,3.342246,663.6580833554552,3026.46,571.1022272986864,0.9,18.12,3.2608979208514857,2017-06-23
174,16.19,3.35,661.1570247933885,3021.43,570.78,0.9,18.01,3.26,2017-06-24
175,16.19,3.343363423604146,661.1570323966943,3021.43,570.7762557077625,0.9,18.01,3.26,2017-06-25
176,16.19,3.343363423604146,661.16,3021.43,570.78,0.9,18.01,3.26,2017-06-26
177,16.32,3.3,661.15704,3021.06,570.78,0.9,17.87,3.26,2017-06-27
178,16.4,3.32,663.44,3026.18,571.11,0.89,17.99,3.26,2017-06-28
179,16.43,3.28,663.5259770420013,3018.6,570.78,0.88,17.85,3.25,2017-06-29
180,16.5016501650165,3.30251,664.99,3046.37,571.11,0.88,18.05,3.25,2017-06-30
181,16.62,3.31,664.06,3044.89,573.4,0.88,18.13,3.26,2017-07-01
182,16.62,3.31,664.06,3044.89,573.4,0.88,18.13,3.26,2017-07-02
183,16.62,3.3079722130334104,664.06,3044.89,573.4,0.88,18.13,3.26,2017-07-03
184,16.87,3.301419610432486,662.78,3047.48,572.41,0.88,18.22,3.2579021,2017-07-04
185,16.9,3.32,664.02,3046.65,571.76,0.89,18.21,3.26,2017-07-05
186,17.16,3.29,666.1337596589395,3084.33,572.0823798627002,0.89,18.31,3.26,2017-07-06
187,17.094017094017094,3.3,665.4688227856525,3095.6,572.41,0.88,18.26,3.2535984799187903,2017-07-07
188,16.98,3.28,667.1114076050701,3090.52137095528,571.76,0.88,18.1,3.2535984799187903,2017-07-08
189,16.98,3.28,667.11,3090.52137095528,571.76,0.88,18.1,3.26,2017-07-09
190,16.98,3.28,667.1114076050701,3090.53,571.7552887364209,0.88,18.1,3.26,2017-07-10
191,16.98,3.2552083333333335,666.32,3062.7,572.09,0.88,17.96,3.2554944,2017-07-11
192,17.01,3.26,666.53,3075.51,572.09,0.88,17.92,3.26,2017-07-12
193,16.95,3.2071840923669015,663.1299734748011,3048.32,572.41,0.88,17.78,3.251450959990896,2017-07-13
194,16.95,3.22,661.07,3046.83,572.41,0.88,17.69,3.25,2017-07-14
195,16.84,3.1806617,657.7649148194436,3026.55,571.11,0.88,17.57,3.26,2017-07-15
196,16.84,3.180661578804071,657.762251439,3026.542780182198,571.11,0.88,17.57,3.26,2017-07-16
197,16.84,3.19,657.7649148194436,3026.55,571.11,0.88,17.56235,3.2502462061501154,2017-07-17
198,16.93,3.19,660.33,3031.13,571.43,0.88,17.59,3.25,2017-07-18
199,17.1,3.16,655.5657532450505,3015.41,571.76,0.87,17.48,3.25,2017-07-19
200,17.16,3.15,653.6,3004.0,572.09,0.87,17.56,3.25,2017-07-20
201,17.4,3.15,652.5108616346,3013.6284092549,572.09,0.86,17.66,3.25,2017-07-21
202,17.4,3.14267420135,651.2487347,3013.89576056265,572.41,0.86,17.66,3.25,2017-07-22
203,17.4,3.15,651.2464439624,3013.96,572.41,0.86,17.66,3.25,2017-07-23
204,17.64,3.113,651.296,2964.808,572.41,0.85,17.65225,3.2494870743,2017-07-24
205,17.64,3.113,651.296,2964.808,572.07,0.85,17.724,3.25,2017-07-25
206,17.64,3.113,651.296,2964.808,572.082,0.85,17.77,3.26,2017-07-26
207,17.64,3.113,651.296,2964.808,572.082,0.85,17.6,3.25,2017-07-27
208,17.64,3.113,651.296,2964.808,571.755,0.85,17.727171522200003,3.25,2017-07-28
209,17.64,3.113,651.296,2964.808,572.082,0.85,17.79,3.25,2017-07-29
210,17.64,3.113,651.296,2964.808,572.082,0.85,17.781,3.2453000534658925,2017-07-30
211,17.64,3.113,651.296,2964.808,572.082,0.85,17.8,3.25,2017-07-31
212,17.64,3.113,651.296,2964.808,572.09,0.85,17.8,3.24046306775,2017-08-01
213,17.575,3.113,651.296,2964.808,572.41,0.85,17.89,3.24,2017-08-02
214,17.575,3.113,651.296,2964.808,573.4,0.85,17.83,3.24,2017-08-03
215,17.67,3.12,648.845,2955.607,573.4,0.85,17.85,3.24,2017-08-04
216,17.67,3.132,650.195,2987.04,574.72,0.85,17.9,3.24,2017-08-05
217,17.67,3.132,650.195,2987.036,574.72,0.85,17.9,3.24,2017-08-06
218,17.67,3.132,650.195,2987.036,574.72,0.85,17.9,3.24,2017-08-07
219,17.7,3.13,651.508,2982.582,574.39,0.85,17.93,3.2422107728,2017-08-08
220,17.699,3.13,648.845,2997.782,574.06,0.86,17.86,3.2422240076,2017-08-09
221,17.7,3.156,648.256,3007.7,575.38,0.86,17.95,3.25,2017-08-10
222,17.7,3.176,648.635,2999.04,576.37,0.85,17.98,3.26,2017-08-11
223,17.7,3.194,646.04,2975.039,576.04,0.85,17.83,3.25,2017-08-12
224,17.7,3.2,646.037,2975.039,576.04,0.85,17.83,3.25,2017-08-13
225,17.699,3.194,646.037,2975.039,576.04,0.85,17.83,3.244004269109618,2017-08-14
226,17.13,3.193,648.77,2967.535,576.04,0.85,17.77,3.25,2017-08-15
227,17.13,3.2,648.761,2967.535,576.04,0.85,24.11707545241432,3.25,2017-08-16
228,17.212,3.153,645.078,2967.887,575.71,0.85,17.67,3.25,2017-08-17
229,17.37,3.176,646.71,2990.162,575.05,0.86,17.85,3.2418291955500003,2017-08-18
230,17.34,3.147,646.412,2989.27,574.39,0.86,17.71,3.25,2017-08-19
231,17.331022,3.147,646.412,2989.269,574.39,0.86,17.71,3.25,2017-08-20
232,17.331022,3.165,642.89,2986.95,574.39,0.86,17.66,3.24,2017-08-21
233,17.331,3.165,642.89,2986.947,574.39,0.85,17.66,3.24,2017-08-22
234,17.22,3.17,640.779,2984.986,574.39,0.86,17.67,3.2384775211,2017-08-23
235,17.22,3.142,640.656,2981.692,574.72,0.85,17.69,3.24,2017-08-24
236,17.212,3.159,638.203,2960.507,575.05,0.85,17.73,3.239,2017-08-25
237,17.212,3.159,634.598,2924.062,575.05,0.84,17.62,3.24,2017-08-26
238,17.212,3.159,634.598,2924.062,575.05,0.84,17.62,3.2389709254,2017-08-27
239,17.241,3.168,628.694,2946.984,575.05,0.84,17.87,3.23899988485,2017-08-28
240,17.2412953772,3.168,628.694,2946.984,574.39,0.84,17.87,3.238,2017-08-29
241,17.3911513403,3.17,625.743,2935.564,574.39,0.84,17.85,3.2377779185,2017-08-30
242,17.3912179734,3.16,631.632,2943.687,574.39,0.85,17.73,3.25,2017-08-31
243,17.331,3.149,626.135,2950.114,574.72,0.84,17.89,3.2392338064,2017-09-01
244,17.22,3.141,625.274,2931.004,575.38,0.85,17.82,3.2383893718,2017-09-02
245,17.22,3.141,625.274,2931.004,575.38,0.85,17.82,3.2383860157,2017-09-03
246,17.22,3.141,625.274,2931.004,575.38,0.85,17.82,3.23838586215,2017-09-04
247,17.241,3.14,624.61,2936.082,575.71,0.85,17.87,3.24,2017-09-05
248,17.25,3.117,623.441,2928.601,567.3348264283306,0.84,17.9,3.24,2017-09-06
249,17.241,3.101,618.544,2910.2356367309003,577.04,0.84,17.79,3.236235883,2017-09-07
250,17.24120508535,3.101,613.88,2907.0613,578.04,0.84,17.67,3.24,2017-09-08
251,17.25,3.0863396432,620.078,2905.71,578.37,0.84,17.71,3.24,2017-09-09
252,17.25,3.086,620.08,2905.71,578.37,0.84,17.71,3.24,2017-09-10
253,17.2411864828,3.086,620.078,2905.71,578.37,0.84,17.71,3.24,2017-09-11
254,17.13,3.103,622.859,2922.78,577.37,0.84,17.68,3.24,2017-09-12
255,17.04,3.13,622.471,2908.499,577.37,0.84,17.73,3.24,2017-09-13
256,17.065,3.135,626.488,2911.4510230731003,577.37,0.85,17.75,3.23948019685,2017-09-14
257,16.98,3.12100055705,623.906537221,2896.787,577.37,0.84,17.67,3.2381927973,2017-09-15
258,16.978,3.110084311,623.714,2897.039,576.71,0.84,17.66,3.2500703624,2017-09-16
259,16.978,3.1103121175,623.714,2897.039,576.71,0.84,17.66,3.2499823748,2017-09-17
260,16.978,3.11,623.7111243061,2897.039,576.71,0.84,17.66,3.2499914293,2017-09-18
261,17.0939785746,3.137,625.195,2908.837,576.71,0.84,17.77,3.2452160775,2017-09-19
262,17.094,3.14,625.469,2900.653,576.369,0.84,17.8,3.246,2017-09-20
263,17.182,3.134,622.084,2897.459,576.04,0.85,17.78,3.2494112743,2017-09-21
264,17.271,3.139,624.649,2915.197,575.71,0.84,17.88,3.2487734885,2017-09-22
265,17.31,3.125,625.2679582672,2906.047,575.38,0.84,17.75,3.2466849426,2017-09-23
266,17.31,3.125,625.27356,2906.047,575.38,0.84,17.75,3.2466893466,2017-09-24
267,17.301,3.125,625.2684067849,2906.047,575.38,0.84,17.75,3.2467819111000003,2017-09-25
268,17.483,3.16,629.716612594,2925.773,574.39,0.85,17.93,3.2599853933,2017-09-26
269,17.575,3.17,635.163,2923.549,573.73,0.85,17.96,3.2537320762,2017-09-27
270,17.575,3.192,638.244,2936.599,573.73,0.86,18.21,3.2714948176,2017-09-28
271,17.513,3.183,635.89,2943.254,572.74,0.85,18.16,3.2654782121,2017-09-29
272,17.30104,3.163,640.041,2937.03,572.41,0.85,18.26,3.2654708585,2017-09-30
273,17.301,3.163,640.041,2937.03,572.41,0.85,18.26,3.2654942472,2017-10-01
274,17.301,3.163,640.04,2937.03,572.41,0.85,18.26,3.2654715857500003,2017-10-02
275,17.361,3.155,638.733,2950.288,571.11,0.86,18.24,3.2730870671999996,2017-10-03
276,17.4,3.15,632.671,2950.549,571.102,0.86,18.22,3.2634911785,2017-10-04
277,17.361,3.135,631.7119,2935.306,572.41,0.86,18.27,3.2592720297,2017-10-05
278,17.4,3.154,628.575,2927.058,573.07,0.86,18.5,3.2597502511433762,2017-10-06
279,17.422,3.155,633.232,2926.287,573.73,0.86,18.54,3.27,2017-10-07
280,17.422,3.155,633.232,2926.287,573.73,0.86,18.54,3.27,2017-10-08
281,17.422,3.155,633.232,2926.287,573.73,0.86,18.54,3.26947696765,2017-10-09
282,17.4519212533,3.189,633.513,2937.979,574.06,0.86,18.68,3.2709837468,2017-10-10
283,17.43,3.181,629.485,2957.005,574.72,0.85,18.83,3.2648995459,2017-10-11
284,17.422,3.175,626.37,2955.083,574.39,0.85,18.71,3.26,2017-10-12
285,17.422,3.172,624.766,2941.176,574.06,0.85,18.91,3.254,2017-10-13
286,17.331,3.146,623.3178149084,2934.445,572.74,0.85,18.91,3.25,2017-10-14
287,17.331,3.146,623.325,2934.445,572.74,0.85,18.91,3.2486867993,2017-10-15
288,17.34,3.171,619.93,2934.19,572.74,0.85,19.03,3.2486945667,2017-10-16
289,17.331,3.171,619.924,2934.186,571.11,0.85,19.03,3.25,2017-10-17
290,17.34,3.16,621.697,2950.114,571.106115,0.85,18.79,3.2444611774,2017-10-18
291,17.331,3.172,625.2265651626,2925.003,569.81,0.85,18.87,3.23685077765,2017-10-19
292,17.452,3.171,624.103,2919.026,570.13,0.85,18.81,3.24,2017-10-20
293,17.422,3.194,628.536,2933.584,569.81,0.85,18.99,3.2386970664500003,2017-10-21
294,17.422,3.194,628.536,2933.584,569.81,0.85,18.99,3.2370527,2017-10-22
295,17.4215375062,3.237193225,633.593,2951.7388094815,570.46,0.85,19.09,3.2394067424,2017-10-23
296,17.513,3.247,632.511,2977.963,570.46,0.86,19.24,3.2394642422,2017-10-24
297,17.52,3.25,632.511,2977.963,569.81,0.86,19.24,3.2364824894,2017-10-25
298,17.483,3.235,629.29,2998.231,569.16,0.85,19.05,3.2344844854,2017-10-26
299,17.63668,3.291,634.679,3015.227,569.48,0.86,19.21,3.2404823052,2017-10-27
300,17.606,3.251,635.445,3011.323,569.16,0.87,19.14,3.2464762876,2017-10-28
301,17.61,3.251,635.445,3011.323,569.16,0.87,19.14,3.2479860245,2017-10-29
302,17.606,3.251,635.445,3011.323,569.16,0.87,19.14,3.2466183832,2017-10-30
303,17.6994561568,3.2892761943,639.672,3025.993,569.16,0.86,19.25,3.25,2017-10-31
304,17.637,3.28,636.902,3041.363,569.48,0.86,19.15,3.2507674509499997,2017-11-01
305,17.60600914495,3.267,636.497,3065.134,568.83,0.87,19.08,3.25028786885,2017-11-02
306,17.5139594519,3.267,629.168,3028.009,569.48,0.86,18.99,3.2397586856,2017-11-03
307,17.637,3.305,634.5119756114,3038.036,570.12035760665,0.87,19.21,3.2439466835,2017-11-04
308,17.637,3.305,634.518,3038.036,570.13,0.87,19.21,3.24394176,2017-11-05
309,17.637,3.305,634.518,3038.036,570.13,0.87,19.21,3.2439516,2017-11-06
310,17.637,3.249,632.471,3038.036,569.16,0.87,19.02,3.2388363057,2017-11-07
311,17.637,3.271,634.397,3036.929,569.16,0.87,1915.0,3.25,2017-11-08
312,17.52,3.254,631.712,3018.959,569.81,0.87,19.09,3.2467071744,2017-11-09
313,17.49,3.278,631.4578794863,3008.967,569.81,0.86,19.11,3.25,2017-11-10
314,17.483,3.278,631.473,3008.967,569.81,0.86,19.11,3.244,2017-11-11
315,17.483,3.278,631.473,3008.967,569.81,0.86,19.11,3.2435358632,2017-11-12
316,17.483,3.278,631.473,3008.967,569.81,0.86,19.11,3.25,2017-11-13
317,17.483,3.28,629.247,3007.519,568.83,0.86,19.13,3.242,2017-11-14
318,17.49,3.32,632.911,3016.955,569.16,0.85,19.17,3.247,2017-11-15
319,17.5130795283,3.316,632.791,3028.101,568.51,0.85,19.25,3.257,2017-11-16
320,17.483,3.257,629.9194847754,3015.409,568.19,0.85,18.92,3.25,2017-11-17
321,17.483,3.257,626.566,3001.11,566.9,0.85,18.92,3.25,2017-11-18
322,17.49,3.257,626.566,3001.11,566.9,0.85,18.92,3.2434886655,2017-11-19
323,17.483,3.257,626.566,3001.11,566.9,0.85,18.92,3.2418832973000002,2017-11-20
324,17.483,3.258,636.416,3014.863,566.58,0.86,19.0,3.2387036629,2017-11-21
325,17.49,3.26,634.558,2994.281,565.3,0.86,18.78,3.237,2017-11-22
326,17.422,3.225,633.52,2977.963,565.62,0.85,18.65,3.2380150257,2017-11-23
327,17.391304347826086,3.222,635.0209951426,2977.963,565.62,0.85,18.62,3.2381334387,2017-11-24
328,17.331,3.233,633.914,2982.938,565.3,0.84,18.56,3.24,2017-11-25
329,17.33102253032929,3.233,633.914,2982.938,565.3,0.84,18.56,3.23991583445,2017-11-26
330,17.331,3.233,633.92,2982.938,565.611,0.84,18.56,3.2389959481000004,2017-11-27
331,17.301,3.223,637.836,3004.988,565.62,0.85,18.6,3.2362983,2017-11-28
332,17.37,3.22,641.067,2996.165,565.62,0.85,18.54,3.24,2017-11-29
333,17.301038062283737,3.273,647.1395770998499,3015.318,565.62,0.85,18.63,3.235930083,2017-11-30
334,17.301,3.273,647.165,3015.318,565.94,0.85,18.63,3.2338739381,2017-12-01
335,17.212,3.257,647.794,3001.651,565.62,0.85,18.63,3.235,2017-12-02
336,17.212,3.257,647.794,3001.651,565.62,0.85,18.63,3.24,2017-12-03
337,17.212,3.257,647.794,3001.651,565.62,0.85,18.63,3.24,2017-12-04
338,17.331,3.245,648.004,2992.31,565.62,0.85,18.62,3.24,2017-12-05
339,17.31,3.25,656.513,2995.178,565.62,0.85,18.77,3.24,2017-12-06
340,17.28,3.291,652.784,3009.963,565.94,0.85,18.97,3.24,2017-12-07
341,17.28,3.291,655.394,3011.232,566.26,0.85,18.97,3.23577847665,2017-12-08
342,17.271157167530223,3.292,655.523,3011.232,566.26,0.85,18.92,3.24,2017-12-09
343,17.271,3.292,655.523,3011.232,566.26,0.85,18.92,3.24,2017-12-10
344,17.271,3.292,655.523,3011.232,566.26,0.85,18.92,3.2378103865,2017-12-11
345,17.241039602,3.304,652.869,3012.96,565.62,0.85,19.18,3.24,2017-12-12
346,17.331,3.307,652.869,3029.018,567.3348264283306,0.86,19.18,3.2336631895,2017-12-13
347,17.301038062283737,3.31,646.287,3013.955,565.62,0.85,19.02,3.24,2017-12-14
348,17.422,3.342,638.692,2996.973,566.26,0.85,19.15,3.25,2017-12-15
349,17.52,3.295,636.74,2994.102,565.94,0.86,19.12,3.3,2017-12-16
350,17.513,3.295,636.74,2994.102,565.94,0.86,19.12,3.297319306,2017-12-17
351,17.575,3.293,636.74,2993.97,565.94,0.86,19.12,3.2972780507,2017-12-18
352,17.575,3.293,622.123,2978.495,565.611,0.85,19.09,3.29,2017-12-19
353,17.61,3.29,620.81,2970.532,565.62,0.85,19.21,3.29,2017-12-20
354,17.730236486149998,3.292,620.694,2957.792,566.26,0.85,19.22,3.27,2017-12-21
355,18.051,3.337,620.54,2966.215,566.893,0.85,19.76,3.27,2017-12-22
356,18.06,3.337,622.2,2965.511,567.86,0.85,19.76,3.24,2017-12-23
357,18.051,3.337,622.2,2965.511,567.86,0.85,19.76,3.24,2017-12-24
358,18.051,3.337,622.51,2961.471,567.86,0.85,19.76,3.23711424535,2017-12-25
359,18.051,3.337,622.51,2961.471,567.86,0.85,19.77,3.24,2017-12-26
360,18.32,3.32,619.042,2962.261,566.9,0.85,19.87,3.2407983126,2017-12-27
361,18.45004130805,3.315,616.333,2975.748,568.19,0.85,19.69,3.25,2017-12-28
362,19.5000195000195,3.312,614.817,2984.006,568.51,0.84,19.72,3.24096024745,2017-12-29
363,18.9500227555,3.312,615.385,2988.822,569.4760820045558,0.84,19.67,3.24,2017-12-30
364,18.9500289621,3.312,615.385,2988.822,569.476,0.84,19.67,3.24,2017-12-31
365,18.95016107636915,3.312209889,615.385,2988.822,569.48,0.84,19.67,3.24,2018-01-01
